<?xml version="1.0" encoding="UTF-8" standalone="yes"?>
<addon id="plugin.video.tw-channel-collection" name="YouTube台灣頻道選輯" version="1.1.0" provider-name="Dainese">
  <requires>
    <import addon="xbmc.python" version="2.24.0"/>
    <import addon="script.module.beautifulsoup4" version="4.3.2"/>
    <import addon="script.module.requests" version="2.9.1"/>
  </requires>
  <extension point="xbmc.python.pluginsource" library="addon.py">
    <provides>video</provides>
  </extension>
  <extension point="xbmc.addon.metadata">
    <summary lang="zh">YouTube 台灣頻道選輯</summary>
    <description lang="zh">[COLOR cyan]YouTube 台灣頻道選輯[/COLOR][CR]尋找YouTube上與台灣相關的頻道，[CR]用客觀的角度了解台灣在地大小事。</description>
    <disclaimer lang="zh"></disclaimer>
    <language>Chinese</language>
    <platform>all</platform>
    <license>GPL 2</license>
    <forum></forum>
    <source>https://github.com/daineseh/kodi-plugin.video.tw-channel-collection</source>
  </extension>
</addon>
