<?xml version="1.0" encoding="UTF-8" standalone="yes"?>
<addon id="plugin.video.2d-gate" name="二次元之門" version="1.0.7" provider-name="Dainese">
  <requires>
    <import addon="xbmc.python" version="2.24.0"/>
    <import addon="script.module.beautifulsoup4" version="4.3.2"/>
    <import addon="script.module.requests" version="2.9.1"/>
  </requires>
  <extension point="xbmc.python.pluginsource" library="addon.py">
    <provides>video</provides>
  </extension>
  <extension point="xbmc.addon.metadata">
    <summary lang="zh">二次元之門@2D-Gate - 動畫線上看</summary>
    <description lang="zh">[COLOR cyan]二次元之門@2D-Gate - 動畫線上看[/COLOR][CR]線上看區絕大部分影片不需要註冊也能夠觀看並使用社群網站的帳號留言。</description>
    <disclaimer lang="zh"></disclaimer>
    <language>Chinese</language>
    <platform>all</platform>
    <license>GPL 2</license>
    <forum></forum>
    <source>https://github.com/daineseh/kodi-plugin.video.2d-gate</source>
  </extension>
</addon>
